,Participant_ID,Language,Study group,Session order,Treatment,Task type,Task,Task_D1,Task_D2,Task_D3,Task_D4,Task_E1,Task_E2,Task_E3,Task_E4,Education,Position,year_experience,Completeness,Experiment
0,1,Python,A,First,WAI,D,D1,1,0,0,0,0,0,0,0,Master,PhD Student,7,55.0,U1
1,1,Python,A,Second,NAI,E,E1,0,0,0,0,1,0,0,0,Master,PhD Student,7,70.0,U1
2,2,Python,B,First,WAI,E,E1,0,0,0,0,1,0,0,0,Master,PhD Student,8,88.0,U1
3,2,Python,B,Second,NAI,D,D1,1,0,0,0,0,0,0,0,Master,PhD Student,8,5.0,U1
4,3,Python,C,First,NAI,D,D1,1,0,0,0,0,0,0,0,Master,PhD Student,11,43.0,U1
5,3,Python,C,Second,WAI,E,E1,0,0,0,0,1,0,0,0,Master,PhD Student,11,100.0,U1
6,4,Java,B,First,WAI,E,E2,0,0,0,0,0,1,0,0,High school,Bachelor,5,80.0,M1
7,4,Java,B,Second,NAI,D,D2,0,1,0,0,0,0,0,0,High school,Bachelor,5,16.0,M1
8,5,Java,B,First,WAI,E,E2,0,0,0,0,0,1,0,0,High school,Bachelor,3,92.0,M1
9,5,Java,B,Second,NAI,D,D2,0,1,0,0,0,0,0,0,High school,Bachelor,3,35.0,M1
10,6,Java,C,First,NAI,D,D2,0,1,0,0,0,0,0,0,High school,Bachelor,4,55.0,M1
11,6,Java,C,Second,WAI,E,E2,0,0,0,0,0,1,0,0,High school,Bachelor,4,90.0,M1
12,7,Java,D,First,NAI,E,E2,0,0,0,0,0,1,0,0,High school,Bachelor,3,65.0,M1
13,7,Java,D,Second,WAI,D,D2,0,1,0,0,0,0,0,0,High school,Bachelor,3,100.0,M1
14,8,Java,A,First,WAI,D,D2,0,1,0,0,0,0,0,0,High school,Bachelor,5,52.0,M1
15,8,Java,A,Second,NAI,E,E2,0,0,0,0,0,1,0,0,High school,Bachelor,5,10.0,M1
16,9,Java,B,First,WAI,E,E2,0,0,0,0,0,1,0,0,High school,Bachelor,3,92.0,M1
17,9,Java,B,Second,NAI,D,D2,0,1,0,0,0,0,0,0,High school,Bachelor,3,57.0,M1
18,10,Java,C,First,NAI,D,D2,0,1,0,0,0,0,0,0,High school,Bachelor,3,33.0,M1
19,10,Java,C,Second,WAI,E,E2,0,0,0,0,0,1,0,0,High school,Bachelor,3,48.0,M1
20,11,Java,A,First,WAI,D,D2,0,1,0,0,0,0,0,0,High school,Bachelor,1,100.0,M1
21,11,Java,A,Second,NAI,E,E2,0,0,0,0,0,1,0,0,High school,Bachelor,1,86.0,M1
22,12,Java,B,First,WAI,E,E2,0,0,0,0,0,1,0,0,High school,Bachelor,5,80.0,M1
23,12,Java,B,Second,NAI,D,D2,0,1,0,0,0,0,0,0,High school,Bachelor,5,70.0,M1
24,13,Java,A,First,WAI,D,D2,0,1,0,0,0,0,0,0,High school,Bachelor,4,82.0,M1
25,13,Java,A,Second,NAI,E,E2,0,0,0,0,0,1,0,0,High school,Bachelor,4,50.0,M1
26,14,Java,B,First,WAI,E,E2,0,0,0,0,0,1,0,0,Bachelor,Master,6,72.0,M1
27,14,Java,B,Second,NAI,D,D2,0,1,0,0,0,0,0,0,Bachelor,Master,6,10.0,M1
28,15,Java,D,First,NAI,E,E2,0,0,0,0,0,1,0,0,Bachelor,Bachelor,4,30.0,M1
29,15,Java,D,Second,WAI,D,D2,0,1,0,0,0,0,0,0,Bachelor,Bachelor,4,100.0,M1
30,16,Python,A,First,WAI,D,D1,1,0,0,0,0,0,0,0,Bachelor,Professional developer,10,100.0,M2
31,16,Python,A,Second,NAI,E,E1,0,0,0,0,1,0,0,0,Bachelor,Professional developer,10,50.0,M2
32,17,Python,B,First,WAI,E,E1,0,0,0,0,1,0,0,0,Master,Professional developer,8,88.0,M2
33,17,Python,B,Second,NAI,D,D1,1,0,0,0,0,0,0,0,Master,Professional developer,8,8.0,M2
34,18,Python,C,First,NAI,D,D1,1,0,0,0,0,0,0,0,Master,Professional developer,8,35.0,M2
35,18,Python,C,Second,WAI,E,E1,0,0,0,0,1,0,0,0,Master,Professional developer,8,95.0,M2
36,19,Python,D,First,NAI,E,E1,0,0,0,0,1,0,0,0,Master,Professional developer,9,70.0,M2
37,19,Python,D,Second,WAI,D,D1,1,0,0,0,0,0,0,0,Master,Professional developer,9,84.0,M2
38,20,Python,A,First,WAI,D,D1,1,0,0,0,0,0,0,0,Master,PhD Student,7,81.0,M2
39,20,Python,A,Second,NAI,E,E1,0,0,0,0,1,0,0,0,Master,PhD Student,7,70.0,M2
40,21,Python,B,First,WAI,E,E1,0,0,0,0,1,0,0,0,Master,PhD Student,8,65.0,M2
41,21,Python,B,Second,NAI,D,D1,1,0,0,0,0,0,0,0,Master,PhD Student,8,58.0,M2
42,22,Java,A,First,WAI,D,D3,0,0,1,0,0,0,0,0,High school,Bachelor,1,45.0,S2
43,22,Java,A,Second,NAI,E,E3,0,0,0,0,0,0,1,0,High school,Bachelor,1,100.0,S2
44,23,Java,C,First,NAI,D,D3,0,0,1,0,0,0,0,0,High school,Bachelor,3,65.0,S2
45,23,Java,C,Second,WAI,E,E3,0,0,0,0,0,0,1,0,High school,Bachelor,3,90.0,S2
46,24,Java,C,First,NAI,D,D3,0,0,1,0,0,0,0,0,High school,Bachelor,2,5.0,S2
47,24,Java,C,Second,WAI,E,E3,0,0,0,0,0,0,1,0,High school,Bachelor,2,100.0,S2
48,25,Java,A,First,WAI,D,D3,0,0,1,0,0,0,0,0,High school,Bachelor,2,85.0,S2
49,25,Java,A,Second,NAI,E,E3,0,0,0,0,0,0,1,0,High school,Bachelor,2,50.0,S2
50,26,Java,B,First,WAI,E,E3,0,0,0,0,0,0,1,0,High school,Bachelor,5,60.0,S2
51,26,Java,B,Second,NAI,D,D3,0,0,1,0,0,0,0,0,High school,Bachelor,5,10.0,S2
52,27,Java,C,First,NAI,D,D3,0,0,1,0,0,0,0,0,High school,Bachelor,2,80.0,S2
53,27,Java,C,Second,WAI,E,E3,0,0,0,0,0,0,1,0,High school,Bachelor,2,80.0,S2
54,28,Java,D,First,NAI,E,E3,0,0,0,0,0,0,1,0,High school,Bachelor,2,33.0,S2
55,28,Java,D,Second,WAI,D,D3,0,0,1,0,0,0,0,0,High school,Bachelor,2,70.0,S2
56,29,Java,A,First,WAI,D,D3,0,0,1,0,0,0,0,0,High school,Bachelor,2,25.0,S2
57,29,Java,A,Second,NAI,E,E3,0,0,0,0,0,0,1,0,High school,Bachelor,2,55.0,S2
58,30,Java,B,First,WAI,E,E3,0,0,0,0,0,0,1,0,High school,Bachelor,1,38.0,S2
59,30,Java,B,Second,NAI,D,D3,0,0,1,0,0,0,0,0,High school,Bachelor,1,30.0,S2
60,31,Java,C,First,NAI,D,D3,0,0,1,0,0,0,0,0,High school,Bachelor,2,0.0,S2
61,31,Java,C,Second,WAI,E,E3,0,0,0,0,0,0,1,0,High school,Bachelor,2,100.0,S2
62,32,Java,D,First,NAI,E,E3,0,0,0,0,0,0,1,0,High school,Bachelor,1,8.0,S2
63,32,Java,D,Second,WAI,D,D3,0,0,1,0,0,0,0,0,High school,Bachelor,1,35.0,S2
64,33,Java,C,First,NAI,D,D3,0,0,1,0,0,0,0,0,High school,Bachelor,1,23.0,S2
65,33,Java,C,Second,WAI,E,E3,0,0,0,0,0,0,1,0,High school,Bachelor,1,95.0,S2
66,34,Java,D,First,NAI,E,E3,0,0,0,0,0,0,1,0,High school,Bachelor,2,55.0,S2
67,34,Java,D,Second,WAI,D,D3,0,0,1,0,0,0,0,0,High school,Bachelor,2,93.0,S2
68,35,Java,A,First,WAI,D,D3,0,0,1,0,0,0,0,0,High school,Bachelor,2,60.0,S2
69,35,Java,A,Second,NAI,E,E3,0,0,0,0,0,0,1,0,High school,Bachelor,2,55.0,S2
70,36,Java,B,First,WAI,E,E3,0,0,0,0,0,0,1,0,High school,Bachelor,2,60.0,S2
71,36,Java,B,Second,NAI,D,D3,0,0,1,0,0,0,0,0,High school,Bachelor,2,45.0,S2
72,37,Java,D,First,NAI,E,E3,0,0,0,0,0,0,1,0,High school,Bachelor,2,35.0,S2
73,37,Java,D,Second,WAI,D,D3,0,0,1,0,0,0,0,0,High school,Bachelor,2,73.0,S2
74,38,Java,A,First,WAI,D,D3,0,0,1,0,0,0,0,0,High school,Bachelor,1,73.0,S2
75,38,Java,A,Second,NAI,E,E3,0,0,0,0,0,0,1,0,High school,Bachelor,1,50.0,S2
76,39,Java,B,First,WAI,E,E3,0,0,0,0,0,0,1,0,High school,Bachelor,2,60.0,S2
77,39,Java,B,Second,NAI,D,D3,0,0,1,0,0,0,0,0,High school,Bachelor,2,10.0,S2
78,40,Java,C,First,NAI,D,D3,0,0,1,0,0,0,0,0,High school,Bachelor,2,10.0,S2
79,40,Java,C,Second,WAI,E,E3,0,0,0,0,0,0,1,0,High school,Bachelor,2,100.0,S2
80,41,Java,D,First,NAI,E,E3,0,0,0,0,0,0,1,0,High school,Bachelor,3,5.0,S2
81,41,Java,D,Second,WAI,D,D3,0,0,1,0,0,0,0,0,High school,Bachelor,3,73.0,S2
82,42,Python,C,First,NAI,D,D1,1,0,0,0,0,0,0,0,Bachelor,Professional developer,6,25.0,M2
83,42,Python,C,Second,WAI,E,E1,0,0,0,0,1,0,0,0,Bachelor,Professional developer,6,90.0,M2
84,43,Python,D,First,NAI,E,E1,0,0,0,0,1,0,0,0,Master,Professional developer,7,12.0,M2
85,43,Python,D,Second,WAI,D,D1,1,0,0,0,0,0,0,0,Master,Professional developer,7,77.0,M2
86,44,Python,D,First,NAI,E,E1,0,0,0,0,1,0,0,0,PhD,Postdoc,13,33.0,M2
87,44,Python,D,Second,WAI,D,D1,1,0,0,0,0,0,0,0,PhD,Postdoc,13,88.0,M2
88,45,Python,A,First,WAI,D,D1,1,0,0,0,0,0,0,0,PhD,Postdoc,10,85.0,U1
89,45,Python,A,Second,NAI,E,E1,0,0,0,0,1,0,0,0,PhD,Postdoc,10,80.0,U1
90,46,Java,A,First,WAI,D,D4,0,0,0,1,0,0,0,0,Master,Master,5,70.0,S1
91,46,Java,A,Second,NAI,E,E4,0,0,0,0,0,0,0,1,Master,Master,5,10.0,S1
92,47,Java,D,First,NAI,E,E4,0,0,0,0,0,0,0,1,Bachelor,Master,3,60.0,S1
93,47,Java,D,Second,WAI,D,D4,0,0,0,1,0,0,0,0,Bachelor,Master,3,100.0,S1
94,48,Java,C,First,NAI,D,D4,0,0,0,1,0,0,0,0,Bachelor,Master,4,55.0,S1
95,48,Java,C,Second,WAI,E,E4,0,0,0,0,0,0,0,1,Bachelor,Master,4,95.0,S1
96,49,Java,B,First,WAI,E,E4,0,0,0,0,0,0,0,1,Bachelor,Master,2,75.0,S1
97,49,Java,B,Second,NAI,D,D4,0,0,0,1,0,0,0,0,Bachelor,Master,2,32.5,S1
98,50,Java,A,First,WAI,D,D4,0,0,0,1,0,0,0,0,Master,Master,10,95.0,S1
99,50,Java,A,Second,NAI,E,E4,0,0,0,0,0,0,0,1,Master,Master,10,0.0,S1
100,51,Java,D,First,NAI,E,E4,0,0,0,0,0,0,0,1,Bachelor,Master,3,10.0,S1
101,51,Java,D,Second,WAI,D,D4,0,0,0,1,0,0,0,0,Bachelor,Master,3,100.0,S1
102,52,Java,C,First,NAI,D,D4,0,0,0,1,0,0,0,0,Bachelor,Master,1,42.5,S1
103,52,Java,C,Second,WAI,E,E4,0,0,0,0,0,0,0,1,Bachelor,Master,1,80.0,S1
104,53,Java,B,First,WAI,E,E4,0,0,0,0,0,0,0,1,Bachelor,Master,2,75.0,S1
105,53,Java,B,Second,NAI,D,D4,0,0,0,1,0,0,0,0,Bachelor,Master,2,35.0,S1
106,54,Java,A,First,WAI,D,D4,0,0,0,1,0,0,0,0,Bachelor,Master,6,66.0,S1
107,54,Java,A,Second,NAI,E,E4,0,0,0,0,0,0,0,1,Bachelor,Master,6,10.0,S1
108,55,Java,D,First,NAI,E,E4,0,0,0,0,0,0,0,1,Bachelor,Master,5,10.0,S1
109,55,Java,D,Second,WAI,D,D4,0,0,0,1,0,0,0,0,Bachelor,Master,5,100.0,S1
110,56,Java,B,First,WAI,E,E4,0,0,0,0,0,0,0,1,Bachelor,Master,3,75.0,S1
111,56,Java,B,Second,NAI,D,D4,0,0,0,1,0,0,0,0,Bachelor,Master,3,65.0,S1
112,57,Java,A,First,WAI,D,D4,0,0,0,1,0,0,0,0,Bachelor,Master,4,100.0,S1
113,57,Java,A,Second,NAI,E,E4,0,0,0,0,0,0,0,1,Bachelor,Master,4,5.0,S1
114,58,Python,B,First,WAI,E,E1,0,0,0,0,1,0,0,0,Master,Professional developer,13,90.0,U1
115,58,Python,B,Second,NAI,D,D1,1,0,0,0,0,0,0,0,Master,Professional developer,13,60.0,U1
116,59,Python,D,First,NAI,E,E1,0,0,0,0,1,0,0,0,PhD,Professional developer,6,10.0,S3
117,59,Python,D,Second,WAI,D,D1,1,0,0,0,0,0,0,0,PhD,Professional developer,6,70.0,S3
118,60,Python,B,First,WAI,E,E1,0,0,0,0,1,0,0,0,Bachelor,Professional developer,1,75.0,S3
119,60,Python,B,Second,NAI,D,D1,1,0,0,0,0,0,0,0,Bachelor,Professional developer,1,10.0,S3
120,61,Python,D,First,NAI,E,E1,0,0,0,0,1,0,0,0,Master,Professional developer,5,0.0,S3
121,61,Python,D,Second,WAI,D,D1,1,0,0,0,0,0,0,0,Master,Professional developer,5,80.0,S3
122,62,Python,A,First,WAI,D,D1,1,0,0,0,0,0,0,0,Master,Professional developer,2,85.0,S3
123,62,Python,A,Second,NAI,E,E1,0,0,0,0,1,0,0,0,Master,Professional developer,2,35.0,S3
124,63,Python,C,First,NAI,D,D1,1,0,0,0,0,0,0,0,Master,Professional developer,4,40.0,S3
125,63,Python,C,Second,WAI,E,E1,0,0,0,0,1,0,0,0,Master,Professional developer,4,95.0,S3
126,64,Python,D,First,NAI,E,E1,0,0,0,0,1,0,0,0,Master,Professional developer,5,25.0,S3
127,64,Python,D,Second,WAI,D,D1,1,0,0,0,0,0,0,0,Master,Professional developer,5,85.0,S3
128,65,Python,A,First,WAI,D,D1,1,0,0,0,0,0,0,0,Bachelor,Professional developer,2,70.0,S3
129,65,Python,A,Second,NAI,E,E1,0,0,0,0,1,0,0,0,Bachelor,Professional developer,2,60.0,S3
130,66,Python,B,First,WAI,E,E1,0,0,0,0,1,0,0,0,Master,PhD Student,5,100.0,S3
131,66,Python,B,Second,NAI,D,D1,1,0,0,0,0,0,0,0,Master,PhD Student,5,50.0,S3
132,67,Java,C,First,NAI,D,D2,0,1,0,0,0,0,0,0,Bachelor,Bachelor,4,5.0,M1
133,67,Java,C,Second,WAI,E,E2,0,0,0,0,0,1,0,0,Bachelor,Bachelor,4,85.0,M1
134,68,Java,C,First,NAI,D,D2,0,1,0,0,0,0,0,0,Bachelor,Bachelor,1,40.0,M1
135,68,Java,C,Second,WAI,E,E2,0,0,0,0,0,1,0,0,Bachelor,Bachelor,1,45.0,M1
136,69,Java,C,First,NAI,D,D2,0,1,0,0,0,0,0,0,Bachelor,Bachelor,2,77.0,M1
137,69,Java,C,Second,WAI,E,E2,0,0,0,0,0,1,0,0,Bachelor,Bachelor,2,90.0,M1